;        ESTADO DE SANTA CATARINA;;;;;;;;;;;EM R$
;        SECRETARIA DE ESTADO DA FAZENDA
;
;
;REPASSES AOS MUNICIPIOS
;(ICMS - IPI - IPVA)
;JANEIRO A DEZEMBRO/2017
CODIGO;MUNICIPIOS;ASSOCIACAO; INDICE DE ;;;;ICMS;;IPI;IPVA;IPVA;TOTAL
;;; RATEIO ;C.E. ART. 133, II, a;LEI 11.345/2000 - FADESC;Lei 17.053/2016 - CELESC ;TOTAL ICMS;TOTAL ICMS
99392;ABDON BATISTA;AMPLASC;0,174950; 8.499.754,66 ; 62.141,26 ; 45.083,40 ; 8.606.979,32 ; 8.499.754,66 ; 91.549,60 ; 192.192,18 ; 192.192,18 ; 8.890.721,10 
80012;ABELARDO LUZ;AMAI;0,333243; 16.193.967,23 ; 125.098,29 ; 183.726,88 ; 16.502.792,40 ; 16.193.967,23 ; 166.615,66 ; 1.520.608,58 ; 1.520.608,58 ; 18.190.016,64 
99999;UNKNOWN SC TOWN;AMX;0,010000; 1.000,00 ; 0,00 ; 0,00 ; 1.000,00 ; 1.000,00 ; 10,00 ; 20,00 ; 20,00 ; 1.030,00 